date,perc
19/01/1978,N/E
2/2/1978,N/E
16/02/1978,N/E
2/3/1978,N/E
16/03/1978,N/E
6/4/1978,N/E
20/04/1978,N/E
4/5/1978,N/E
18/05/1978,N/E
1/6/1978,N/E
15/06/1978,N/E
6/7/1978,N/E
20/07/1978,N/E
3/8/1978,N/E
17/08/1978,N/E
31/08/1978,N/E
14/09/1978,N/E
5/10/1978,N/E
19/10/1978,N/E
3/11/1978,N/E
16/11/1978,N/E
30/11/1978,N/E
14/12/1978,N/E
4/1/1979,N/E
11/1/1979,N/E
18/01/1979,N/E
25/01/1979,N/E
1/2/1979,N/E
8/2/1979,N/E
15/02/1979,N/E
22/02/1979,N/E
1/3/1979,N/E
8/3/1979,N/E
15/03/1979,N/E
22/03/1979,N/E
29/03/1979,N/E
5/4/1979,N/E
11/4/1979,N/E
19/04/1979,N/E
26/04/1979,N/E
3/5/1979,N/E
10/5/1979,N/E
17/05/1979,N/E
24/05/1979,N/E
31/05/1979,N/E
7/6/1979,N/E
14/06/1979,N/E
21/06/1979,N/E
28/06/1979,N/E
5/7/1979,N/E
12/7/1979,N/E
19/07/1979,N/E
26/07/1979,N/E
2/8/1979,N/E
9/8/1979,N/E
16/08/1979,N/E
23/08/1979,N/E
30/08/1979,N/E
6/9/1979,N/E
13/09/1979,N/E
20/09/1979,N/E
27/09/1979,N/E
4/10/1979,N/E
11/10/1979,N/E
18/10/1979,N/E
25/10/1979,N/E
1/11/1979,N/E
8/11/1979,N/E
15/11/1979,N/E
22/11/1979,N/E
29/11/1979,N/E
6/12/1979,N/E
13/12/1979,N/E
20/12/1979,N/E
27/12/1979,N/E
3/1/1980,N/E
10/1/1980,N/E
17/01/1980,N/E
24/01/1980,N/E
31/01/1980,N/E
7/2/1980,N/E
14/02/1980,N/E
21/02/1980,N/E
28/02/1980,N/E
6/3/1980,N/E
13/03/1980,N/E
20/03/1980,N/E
27/03/1980,N/E
2/4/1980,N/E
10/4/1980,N/E
17/04/1980,N/E
24/04/1980,N/E
30/04/1980,N/E
8/5/1980,N/E
15/05/1980,N/E
22/05/1980,N/E
29/05/1980,N/E
5/6/1980,N/E
12/6/1980,N/E
19/06/1980,N/E
26/06/1980,N/E
3/7/1980,N/E
10/7/1980,N/E
17/07/1980,N/E
24/07/1980,N/E
31/07/1980,N/E
7/8/1980,N/E
14/08/1980,N/E
21/08/1980,N/E
28/08/1980,N/E
4/9/1980,N/E
11/9/1980,N/E
18/09/1980,N/E
25/09/1980,N/E
2/10/1980,N/E
9/10/1980,N/E
16/10/1980,N/E
23/10/1980,N/E
30/10/1980,N/E
6/11/1980,N/E
13/11/1980,N/E
19/11/1980,N/E
27/11/1980,N/E
4/12/1980,N/E
11/12/1980,N/E
18/12/1980,N/E
26/12/1980,N/E
2/1/1981,N/E
8/1/1981,N/E
15/01/1981,N/E
22/01/1981,N/E
29/01/1981,N/E
4/2/1981,N/E
12/2/1981,N/E
19/02/1981,N/E
26/02/1981,N/E
5/3/1981,N/E
12/3/1981,N/E
19/03/1981,N/E
26/03/1981,N/E
2/4/1981,N/E
9/4/1981,N/E
15/04/1981,N/E
23/04/1981,N/E
30/04/1981,N/E
7/5/1981,N/E
14/05/1981,N/E
21/05/1981,N/E
28/05/1981,N/E
4/6/1981,N/E
11/6/1981,N/E
18/06/1981,N/E
25/06/1981,N/E
2/7/1981,N/E
9/7/1981,N/E
16/07/1981,N/E
23/07/1981,N/E
30/07/1981,N/E
6/8/1981,N/E
13/08/1981,N/E
20/08/1981,N/E
27/08/1981,N/E
3/9/1981,N/E
10/9/1981,N/E
17/09/1981,N/E
24/09/1981,N/E
1/10/1981,N/E
8/10/1981,N/E
15/10/1981,N/E
22/10/1981,N/E
29/10/1981,N/E
5/11/1981,N/E
12/11/1981,N/E
19/11/1981,N/E
26/11/1981,N/E
3/12/1981,N/E
10/12/1981,N/E
17/12/1981,N/E
24/12/1981,N/E
30/12/1981,N/E
7/1/1982,N/E
14/01/1982,N/E
21/01/1982,N/E
28/01/1982,N/E
4/2/1982,N/E
11/2/1982,N/E
18/02/1982,N/E
25/02/1982,N/E
4/3/1982,N/E
11/3/1982,N/E
18/03/1982,N/E
25/03/1982,N/E
1/4/1982,N/E
7/4/1982,N/E
15/04/1982,N/E
22/04/1982,N/E
29/04/1982,N/E
6/5/1982,N/E
13/05/1982,N/E
20/05/1982,N/E
27/05/1982,N/E
3/6/1982,N/E
10/6/1982,N/E
17/06/1982,N/E
24/06/1982,N/E
1/7/1982,N/E
8/7/1982,N/E
15/07/1982,N/E
22/07/1982,N/E
29/07/1982,N/E
5/8/1982,N/E
12/8/1982,N/E
19/08/1982,N/E
26/08/1982,N/E
2/9/1982,N/E
9/9/1982,N/E
15/09/1982,N/E
23/09/1982,N/E
30/09/1982,N/E
7/10/1982,N/E
14/10/1982,N/E
21/10/1982,N/E
28/10/1982,N/E
4/11/1982,N/E
11/11/1982,N/E
18/11/1982,N/E
25/11/1982,N/E
2/12/1982,N/E
9/12/1982,N/E
16/12/1982,N/E
23/12/1982,N/E
30/12/1982,N/E
6/1/1983,N/E
13/01/1983,N/E
20/01/1983,N/E
27/01/1983,N/E
3/2/1983,N/E
10/2/1983,N/E
17/02/1983,N/E
24/02/1983,N/E
3/3/1983,N/E
10/3/1983,N/E
17/03/1983,N/E
24/03/1983,N/E
30/03/1983,N/E
7/4/1983,N/E
14/04/1983,N/E
21/04/1983,N/E
28/04/1983,N/E
4/5/1983,N/E
12/5/1983,N/E
19/05/1983,N/E
25/05/1983,N/E
2/6/1983,N/E
9/6/1983,N/E
16/06/1983,N/E
23/06/1983,N/E
30/06/1983,N/E
7/7/1983,N/E
14/07/1983,N/E
21/07/1983,N/E
28/07/1983,N/E
4/8/1983,N/E
11/8/1983,N/E
18/08/1983,N/E
25/08/1983,N/E
31/08/1983,N/E
8/9/1983,N/E
15/09/1983,N/E
22/09/1983,N/E
29/09/1983,N/E
6/10/1983,N/E
13/10/1983,N/E
20/10/1983,N/E
27/10/1983,N/E
3/11/1983,N/E
10/11/1983,N/E
17/11/1983,N/E
24/11/1983,N/E
1/12/1983,N/E
8/12/1983,N/E
15/12/1983,N/E
22/12/1983,N/E
29/12/1983,N/E
5/1/1984,N/E
12/1/1984,N/E
19/01/1984,N/E
26/01/1984,N/E
2/2/1984,N/E
9/2/1984,N/E
16/02/1984,N/E
23/02/1984,N/E
1/3/1984,N/E
8/3/1984,N/E
15/03/1984,N/E
22/03/1984,N/E
29/03/1984,N/E
5/4/1984,N/E
12/4/1984,N/E
18/04/1984,N/E
26/04/1984,N/E
3/5/1984,N/E
10/5/1984,N/E
17/05/1984,N/E
24/05/1984,N/E
31/05/1984,N/E
7/6/1984,N/E
14/06/1984,N/E
21/06/1984,N/E
28/06/1984,N/E
5/7/1984,N/E
12/7/1984,N/E
19/07/1984,N/E
26/07/1984,N/E
2/8/1984,N/E
9/8/1984,N/E
16/08/1984,N/E
23/08/1984,N/E
30/08/1984,N/E
6/9/1984,N/E
13/09/1984,N/E
20/09/1984,N/E
27/09/1984,N/E
4/10/1984,N/E
11/10/1984,N/E
18/10/1984,N/E
25/10/1984,N/E
1/11/1984,N/E
8/11/1984,N/E
15/11/1984,N/E
22/11/1984,N/E
29/11/1984,N/E
6/12/1984,N/E
13/12/1984,N/E
20/12/1984,N/E
27/12/1984,N/E
3/1/1985,N/E
10/1/1985,N/E
17/01/1985,N/E
24/01/1985,N/E
31/01/1985,N/E
7/2/1985,N/E
14/02/1985,N/E
21/02/1985,N/E
28/02/1985,N/E
7/3/1985,N/E
14/03/1985,N/E
20/03/1985,N/E
28/03/1985,N/E
3/4/1985,N/E
11/4/1985,N/E
18/04/1985,N/E
25/04/1985,N/E
2/5/1985,N/E
9/5/1985,N/E
16/05/1985,N/E
23/05/1985,N/E
30/05/1985,N/E
6/6/1985,N/E
13/06/1985,N/E
20/06/1985,N/E
27/06/1985,N/E
4/7/1985,N/E
11/7/1985,N/E
18/07/1985,N/E
25/07/1985,N/E
1/8/1985,N/E
8/8/1985,N/E
15/08/1985,N/E
22/08/1985,N/E
29/08/1985,N/E
5/9/1985,N/E
12/9/1985,N/E
19/09/1985,N/E
26/09/1985,N/E
3/10/1985,N/E
10/10/1985,N/E
17/10/1985,N/E
24/10/1985,N/E
31/10/1985,N/E
7/11/1985,N/E
14/11/1985,N/E
21/11/1985,N/E
28/11/1985,N/E
5/12/1985,N/E
11/12/1985,N/E
19/12/1985,N/E
26/12/1985,N/E
2/1/1986,N/E
9/1/1986,N/E
16/01/1986,N/E
23/01/1986,N/E
30/01/1986,N/E
6/2/1986,N/E
13/02/1986,N/E
20/02/1986,N/E
27/02/1986,N/E
6/3/1986,N/E
13/03/1986,N/E
20/03/1986,N/E
26/03/1986,N/E
3/4/1986,N/E
10/4/1986,N/E
17/04/1986,N/E
24/04/1986,N/E
30/04/1986,N/E
8/5/1986,N/E
15/05/1986,N/E
22/05/1986,N/E
29/05/1986,N/E
5/6/1986,N/E
12/6/1986,N/E
19/06/1986,N/E
26/06/1986,N/E
3/7/1986,N/E
10/7/1986,N/E
17/07/1986,N/E
24/07/1986,N/E
31/07/1986,N/E
7/8/1986,N/E
14/08/1986,N/E
21/08/1986,N/E
28/08/1986,N/E
4/9/1986,N/E
11/9/1986,N/E
18/09/1986,N/E
25/09/1986,N/E
2/10/1986,N/E
9/10/1986,N/E
16/10/1986,N/E
23/10/1986,N/E
30/10/1986,N/E
6/11/1986,N/E
13/11/1986,N/E
19/11/1986,N/E
27/11/1986,N/E
4/12/1986,N/E
11/12/1986,N/E
18/12/1986,N/E
24/12/1986,N/E
2/1/1987,N/E
8/1/1987,N/E
15/01/1987,N/E
22/01/1987,N/E
29/01/1987,N/E
4/2/1987,N/E
12/2/1987,N/E
19/02/1987,N/E
26/02/1987,N/E
5/3/1987,N/E
12/3/1987,N/E
19/03/1987,N/E
26/03/1987,N/E
2/4/1987,N/E
9/4/1987,N/E
15/04/1987,N/E
23/04/1987,N/E
30/04/1987,N/E
7/5/1987,N/E
14/05/1987,N/E
21/05/1987,N/E
28/05/1987,N/E
4/6/1987,N/E
11/6/1987,N/E
18/06/1987,N/E
25/06/1987,N/E
2/7/1987,N/E
9/7/1987,N/E
16/07/1987,N/E
23/07/1987,N/E
30/07/1987,N/E
6/8/1987,N/E
13/08/1987,N/E
20/08/1987,N/E
27/08/1987,N/E
3/9/1987,N/E
10/9/1987,N/E
17/09/1987,N/E
24/09/1987,N/E
1/10/1987,N/E
8/10/1987,N/E
15/10/1987,N/E
22/10/1987,N/E
29/10/1987,N/E
5/11/1987,N/E
12/11/1987,N/E
19/11/1987,N/E
26/11/1987,N/E
3/12/1987,N/E
10/12/1987,N/E
17/12/1987,N/E
24/12/1987,N/E
30/12/1987,N/E
7/1/1988,N/E
14/01/1988,N/E
21/01/1988,N/E
28/01/1988,N/E
4/2/1988,N/E
11/2/1988,N/E
18/02/1988,N/E
25/02/1988,N/E
3/3/1988,N/E
10/3/1988,N/E
17/03/1988,N/E
24/03/1988,N/E
30/03/1988,N/E
7/4/1988,N/E
14/04/1988,N/E
21/04/1988,N/E
28/04/1988,N/E
4/5/1988,N/E
12/5/1988,N/E
19/05/1988,N/E
26/05/1988,N/E
2/6/1988,N/E
9/6/1988,N/E
16/06/1988,N/E
23/06/1988,N/E
30/06/1988,N/E
7/7/1988,N/E
14/07/1988,N/E
21/07/1988,N/E
28/07/1988,N/E
4/8/1988,N/E
11/8/1988,N/E
18/08/1988,N/E
25/08/1988,N/E
31/08/1988,N/E
8/9/1988,N/E
15/09/1988,N/E
22/09/1988,N/E
29/09/1988,N/E
6/10/1988,N/E
13/10/1988,N/E
20/10/1988,N/E
27/10/1988,N/E
3/11/1988,N/E
10/11/1988,N/E
17/11/1988,N/E
24/11/1988,N/E
30/11/1988,N/E
8/12/1988,N/E
15/12/1988,N/E
22/12/1988,N/E
29/12/1988,N/E
5/1/1989,N/E
12/1/1989,N/E
19/01/1989,N/E
26/01/1989,N/E
2/2/1989,N/E
9/2/1989,N/E
16/02/1989,N/E
23/02/1989,N/E
2/3/1989,N/E
9/3/1989,N/E
16/03/1989,N/E
22/03/1989,N/E
30/03/1989,N/E
6/4/1989,N/E
13/04/1989,N/E
20/04/1989,N/E
27/04/1989,N/E
4/5/1989,N/E
11/5/1989,N/E
18/05/1989,N/E
25/05/1989,N/E
1/6/1989,N/E
8/6/1989,N/E
15/06/1989,N/E
22/06/1989,N/E
29/06/1989,N/E
6/7/1989,N/E
13/07/1989,N/E
20/07/1989,N/E
27/07/1989,N/E
3/8/1989,N/E
10/8/1989,N/E
17/08/1989,N/E
24/08/1989,N/E
31/08/1989,N/E
7/9/1989,N/E
14/09/1989,N/E
21/09/1989,N/E
28/09/1989,N/E
5/10/1989,N/E
11/10/1989,N/E
19/10/1989,N/E
26/10/1989,N/E
3/11/1989,N/E
9/11/1989,N/E
16/11/1989,N/E
23/11/1989,N/E
30/11/1989,N/E
7/12/1989,N/E
14/12/1989,N/E
21/12/1989,N/E
28/12/1989,N/E
4/1/1990,N/E
11/1/1990,N/E
18/01/1990,N/E
25/01/1990,N/E
1/2/1990,N/E
8/2/1990,N/E
15/02/1990,N/E
22/02/1990,N/E
1/3/1990,N/E
8/3/1990,N/E
15/03/1990,N/E
22/03/1990,N/E
29/03/1990,N/E
5/4/1990,N/E
11/4/1990,N/E
19/04/1990,N/E
26/04/1990,N/E
3/5/1990,N/E
10/5/1990,N/E
17/05/1990,N/E
24/05/1990,N/E
31/05/1990,N/E
7/6/1990,N/E
14/06/1990,N/E
21/06/1990,N/E
28/06/1990,N/E
5/7/1990,N/E
12/7/1990,N/E
19/07/1990,N/E
26/07/1990,N/E
2/8/1990,N/E
9/8/1990,N/E
16/08/1990,N/E
23/08/1990,N/E
30/08/1990,N/E
6/9/1990,N/E
13/09/1990,N/E
20/09/1990,N/E
27/09/1990,N/E
4/10/1990,N/E
11/10/1990,N/E
18/10/1990,N/E
25/10/1990,N/E
31/10/1990,N/E
8/11/1990,N/E
15/11/1990,24.41
22/11/1990,25.02
29/11/1990,24.69
6/12/1990,25.64
13/12/1990,25.37
20/12/1990,25.01
27/12/1990,24.51
3/1/1991,24.26
10/1/1991,24.26
17/01/1991,24.69
24/01/1991,N/E
31/01/1991,25.24
7/2/1991,N/E
14/02/1991,24.69
21/02/1991,N/E
28/02/1991,24.1
7/3/1991,N/E
14/03/1991,22.83
20/03/1991,N/E
27/03/1991,23
1/4/1991,N/E
11/4/1991,21.95
18/04/1991,N/E
25/04/1991,21.9
2/5/1991,22
9/5/1991,N/E
16/05/1991,20.01
23/05/1991,N/E
30/05/1991,18.16
6/6/1991,N/E
13/06/1991,18.65
20/06/1991,N/E
27/06/1991,18.38
4/7/1991,N/E
11/7/1991,18.38
18/07/1991,N/E
25/07/1991,18.38
1/8/1991,17.89
8/8/1991,N/E
15/08/1991,17.6
22/08/1991,N/E
29/08/1991,17.17
5/9/1991,N/E
12/9/1991,17.95
19/09/1991,N/E
26/09/1991,N/E
3/10/1991,N/E
10/10/1991,17.72
17/10/1991,17.27
24/10/1991,17.09
31/10/1991,16.91
7/11/1991,16.69
14/11/1991,16.43
21/11/1991,N/E
28/11/1991,16.73
5/12/1991,N/E
11/12/1991,16.47
19/12/1991,N/E
26/12/1991,16.24
2/1/1992,15.9
9/1/1992,N/E
16/01/1992,15.51
23/01/1992,N/E
30/01/1992,N/E
6/2/1992,15.59
13/02/1992,N/E
20/02/1992,14.94
27/02/1992,N/E
5/3/1992,12.97
12/3/1992,N/E
19/03/1992,N/E
26/03/1992,11.75
2/4/1992,N/E
9/4/1992,N/E
15/04/1992,11.75
23/04/1992,11.75
30/04/1992,11.95
7/5/1992,N/E
14/05/1992,12.77
21/05/1992,N/E
28/05/1992,13.21
4/6/1992,13.14
11/6/1992,13.62
18/06/1992,N/E
25/06/1992,16.5
2/7/1992,N/E
9/7/1992,16
16/07/1992,16.5
23/07/1992,16.5
30/07/1992,17
6/8/1992,18
13/08/1992,17.9
20/08/1992,17.9
27/08/1992,18
3/9/1992,18.49
10/9/1992,19.5
17/09/1992,19.51
24/09/1992,19.52
1/10/1992,19.52
8/10/1992,19.24
15/10/1992,19.6
22/10/1992,19.1
29/10/1992,19.24
5/11/1992,19.14
12/11/1992,18.63
19/11/1992,18.39
26/11/1992,18.63
3/12/1992,18.49
10/12/1992,18.75
17/12/1992,19
24/12/1992,19.05
30/12/1992,19.5
7/1/1993,19
14/01/1993,18.95
21/01/1993,18.85
28/01/1993,19.17
4/2/1993,19.44
11/2/1993,19.69
18/02/1993,19.86
25/02/1993,19.9
4/3/1993,19.6
11/3/1993,18.89
18/03/1993,18.59
25/03/1993,18.28
1/4/1993,17.12
7/4/1993,17.29
15/04/1993,17.42
22/04/1993,17.38
29/04/1993,16.58
6/5/1993,16.5
13/05/1993,16.79
20/05/1993,16.9
27/05/1993,16.76
3/6/1993,16.79
10/6/1993,16.72
17/06/1993,16.31
24/06/1993,15.97
1/7/1993,15.01
8/7/1993,15.15
15/07/1993,14.9
22/07/1993,14.43
29/07/1993,14.2
5/8/1993,14.26
12/8/1993,14.37
19/08/1993,13.98
26/08/1993,13.35
2/9/1993,13.24
9/9/1993,12.99
15/09/1993,13.2
23/09/1993,13.58
30/09/1993,14.05
7/10/1993,13.61
14/10/1993,13.81
21/10/1993,12.81
28/10/1993,12.57
4/11/1993,12.33
11/11/1993,13.37
18/11/1993,12.15
25/11/1993,11.61
2/12/1993,11.83
9/12/1993,11.57
16/12/1993,10.85
23/12/1993,10.46
30/12/1993,10.45
6/1/1994,10.41
13/01/1994,10.74
20/01/1994,10.66
27/01/1994,11.08
3/2/1994,10.82
10/2/1994,10.61
17/02/1994,10.24
24/02/1994,10.46
3/3/1994,10.77
10/3/1994,10.99
17/03/1994,11.71
24/03/1994,11.32
30/03/1994,12.04
7/4/1994,13.66
14/04/1994,14.41
21/04/1994,16.83
28/04/1994,15.74
4/5/1994,16.78
12/5/1994,N/E
19/05/1994,16.55
26/05/1994,15.89
2/6/1994,15.49
9/6/1994,15.29
16/06/1994,15.58
23/06/1994,15.8
30/06/1994,15.71
7/7/1994,16
14/07/1994,16.74
21/07/1994,16.74
28/07/1994,15.85
4/8/1994,14.39
11/8/1994,13.85
18/08/1994,12.95
25/08/1994,12.43
1/9/1994,13.18
8/9/1994,13.64
15/09/1994,13.97
22/09/1994,13.41
29/09/1994,12.74
6/10/1994,13.15
13/10/1994,13.51
20/10/1994,13.86
27/10/1994,13.98
3/11/1994,14.04
10/11/1994,13.85
17/11/1994,14.33
24/11/1994,14.61
30/11/1994,14.56
8/12/1994,14.56
15/12/1994,14.97
22/12/1994,15.84
29/12/1994,N/E
5/1/1995,N/E
12/1/1995,32.99
19/01/1995,38.51
26/01/1995,34.94
2/2/1995,29.99
9/2/1995,31.79
16/02/1995,35.99
23/02/1995,46.98
2/3/1995,45.99
9/3/1995,50.04
16/03/1995,N/E
23/03/1995,N/E
30/03/1995,N/E
6/4/1995,N/E
12/4/1995,N/E
20/04/1995,N/E
27/04/1995,N/E
4/5/1995,N/E
11/5/1995,N/E
18/05/1995,N/E
25/05/1995,N/E
1/6/1995,N/E
8/6/1995,N/E
15/06/1995,N/E
22/06/1995,N/E
29/06/1995,N/E
6/7/1995,N/E
13/07/1995,N/E
20/07/1995,36.72
27/07/1995,37.5
3/8/1995,36.29
10/8/1995,36.11
17/08/1995,36.41
24/08/1995,36.71
31/08/1995,37.48
7/9/1995,36.89
14/09/1995,35.88
21/09/1995,34.8
28/09/1995,36.87
5/10/1995,40.43
11/10/1995,N/E
19/10/1995,N/E
26/10/1995,N/E
1/11/1995,N/E
9/11/1995,N/E
16/11/1995,N/E
23/11/1995,N/E
30/11/1995,N/E
7/12/1995,N/E
14/12/1995,N/E
21/12/1995,N/E
28/12/1995,N/E
4/1/1996,41.9
11/1/1996,40.39
18/01/1996,40.46
25/01/1996,40.03
1/2/1996,40.61
8/2/1996,41.42
15/02/1996,43.17
22/02/1996,44.36
29/02/1996,44.3
7/3/1996,45.47
14/03/1996,45.54
20/03/1996,42.52
28/03/1996,40.65
3/4/1996,39.28
11/4/1996,39.81
18/04/1996,36.3
25/04/1996,36.26
2/5/1996,36.86
9/5/1996,36.21
16/05/1996,33.77
23/05/1996,32.91
30/05/1996,31.72
6/6/1996,32.98
13/06/1996,34.06
20/06/1996,33.24
27/06/1996,33.37
4/7/1996,34.11
11/7/1996,34.83
18/07/1996,35.48
25/07/1996,34.3
1/8/1996,35.4
8/8/1996,32.75
15/08/1996,32.7
22/08/1996,31
29/08/1996,30.94
5/9/1996,32.43
12/9/1996,30.93
19/09/1996,29.18
26/09/1996,28.03
3/10/1996,27.39
10/10/1996,26.83
17/10/1996,28.65
24/10/1996,28.41
31/10/1996,28.63
7/11/1996,27.15
14/11/1996,27.12
21/11/1996,26.74
28/11/1996,26.5
5/12/1996,25.46
11/12/1996,25.59
19/12/1996,25.68
26/12/1996,25.75
2/1/1997,25.98
9/1/1997,26
16/01/1997,25.54
23/01/1997,25.86
30/01/1997,25.68
6/2/1997,25.3
13/02/1997,23.99
20/02/1997,23.4
27/02/1997,23.53
6/3/1997,24.49
13/03/1997,24.22
20/03/1997,23.96
26/03/1997,23.44
3/4/1997,23.9
10/4/1997,23.94
17/04/1997,24.29
24/04/1997,23.72
30/04/1997,24.35
8/5/1997,23.17
15/05/1997,23.06
22/05/1997,22.74
29/05/1997,22.99
5/6/1997,22.92
12/6/1997,22.96
19/06/1997,22.2
26/06/1997,22.08
3/7/1997,21.16
10/7/1997,20.24
17/07/1997,20.94
24/07/1997,20.83
31/07/1997,20.24
7/8/1997,20.52
14/08/1997,20.84
21/08/1997,21.02
28/08/1997,22.08
4/9/1997,21.31
11/9/1997,21.5
18/09/1997,21.8
25/09/1997,20.01
2/10/1997,19.81
9/10/1997,19.57
16/10/1997,19.41
23/10/1997,18.7
30/10/1997,22.91
6/11/1997,21.36
13/11/1997,22.83
19/11/1997,21.96
20/11/1997,N/E
27/11/1997,21.78
4/12/1997,19.84
11/12/1997,20.19
18/12/1997,19.9
24/12/1997,20.17
31/12/1997,19.85
8/1/1998,19.21
15/01/1998,20.03
22/01/1998,20.13
29/01/1998,20.19
4/2/1998,20.13
12/2/1998,20.35
19/02/1998,20.45
26/02/1998,20.73
5/3/1998,20.84
12/3/1998,21.09
19/03/1998,22.67
26/03/1998,20.87
2/4/1998,20.83
8/4/1998,20.79
16/04/1998,20.43
23/04/1998,19.95
30/04/1998,20.4
7/5/1998,20.24
14/05/1998,20.33
21/05/1998,20.91
28/05/1998,22.27
4/6/1998,21.93
11/6/1998,22.24
18/06/1998,24
25/06/1998,24.48
2/7/1998,25.95
9/7/1998,24.82
16/07/1998,22.91
23/07/1998,23.37
30/07/1998,24.83
6/8/1998,25.7
13/08/1998,27.23
20/08/1998,27.65
27/08/1998,31
3/9/1998,N/E
10/9/1998,N/E
17/09/1998,N/E
24/09/1998,N/E
1/10/1998,N/E
8/10/1998,N/E
15/10/1998,N/E
22/10/1998,N/E
29/10/1998,N/E
5/11/1998,N/E
12/11/1998,N/E
19/11/1998,N/E
26/11/1998,N/E
3/12/1998,N/E
10/12/1998,N/E
17/12/1998,N/E
24/12/1998,N/E
31/12/1998,N/E
7/1/1999,N/E
14/01/1999,29.99
21/01/1999,31.84
28/01/1999,31.71
4/2/1999,29.72
11/2/1999,28.69
18/02/1999,27.31
25/02/1999,27.01
4/3/1999,26.96
11/3/1999,25.8
18/03/1999,23.93
25/03/1999,24.6
31/03/1999,23.69
8/4/1999,23.13
15/04/1999,23.61
22/04/1999,23.38
29/04/1999,22.62
6/5/1999,22.4
13/05/1999,22.29
20/05/1999,22.66
27/05/1999,23.32
3/6/1999,23.72
10/6/1999,23.52
17/06/1999,23.76
24/06/1999,22.9
1/7/1999,23.02
8/7/1999,N/E
15/07/1999,23.15
22/07/1999,N/E
29/07/1999,24.31
5/8/1999,N/E
12/8/1999,26.48
19/08/1999,N/E
26/08/1999,24.44
2/9/1999,N/E
9/9/1999,24.34
15/09/1999,N/E
23/09/1999,23.58
30/09/1999,N/E
7/10/1999,23.07
14/10/1999,N/E
21/10/1999,22.46
28/10/1999,N/E
4/11/1999,21.39
11/11/1999,N/E
18/11/1999,19.7
25/11/1999,N/E
2/12/1999,18.7
9/12/1999,N/E
16/12/1999,18.68
23/12/1999,N/E
30/12/1999,18.67
6/1/2000,N/E
13/01/2000,N/E
20/01/2000,N/E
27/01/2000,18.82
3/2/2000,N/E
10/2/2000,N/E
17/02/2000,N/E
24/02/2000,17.27
2/3/2000,N/E
9/3/2000,N/E
16/03/2000,N/E
23/03/2000,15.89
30/03/2000,N/E
6/4/2000,N/E
13/04/2000,N/E
19/04/2000,17.04
27/04/2000,N/E
4/5/2000,N/E
11/5/2000,N/E
18/05/2000,17.61
25/05/2000,N/E
1/6/2000,N/E
8/6/2000,N/E
15/06/2000,16.88
22/06/2000,N/E
29/06/2000,N/E
6/7/2000,N/E
13/07/2000,15.84
20/07/2000,N/E
27/07/2000,N/E
3/8/2000,N/E
10/8/2000,16.95
17/08/2000,N/E
24/08/2000,N/E
31/08/2000,N/E
7/9/2000,16.11
14/09/2000,N/E
21/09/2000,N/E
28/09/2000,N/E
5/10/2000,16.66
12/10/2000,N/E
19/10/2000,N/E
26/10/2000,N/E
1/11/2000,17.29
9/11/2000,N/E
16/11/2000,N/E
23/11/2000,N/E
30/11/2000,16.83
7/12/2000,N/E
14/12/2000,N/E
21/12/2000,N/E
28/12/2000,17.01
4/1/2001,N/E
11/1/2001,N/E
18/01/2001,N/E
25/01/2001,17.89
1/2/2001,N/E
8/2/2001,N/E
15/02/2001,N/E
22/02/2001,17.93
1/3/2001,N/E
8/3/2001,N/E
15/03/2001,N/E
22/03/2001,16.68
29/03/2001,N/E
5/4/2001,N/E
11/4/2001,N/E
19/04/2001,15.43
26/04/2001,N/E
3/5/2001,N/E
10/5/2001,N/E
17/05/2001,14.24
24/05/2001,N/E
31/05/2001,N/E
7/6/2001,N/E
14/06/2001,11.94
21/06/2001,N/E
28/06/2001,N/E
5/7/2001,N/E
12/7/2001,12.82
19/07/2001,N/E
26/07/2001,N/E
2/8/2001,N/E
9/8/2001,11.44
16/08/2001,N/E
23/08/2001,N/E
30/08/2001,N/E
6/9/2001,12.49
13/09/2001,N/E
20/09/2001,N/E
27/09/2001,N/E
4/10/2001,12.78
11/10/2001,N/E
18/10/2001,N/E
25/10/2001,N/E
1/11/2001,11.96
8/11/2001,N/E
15/11/2001,N/E
22/11/2001,N/E
29/11/2001,10.86
6/12/2001,N/E
13/12/2001,N/E
20/12/2001,N/E
27/12/2001,10.08
3/1/2002,N/E
10/1/2002,N/E
17/01/2002,N/E
24/01/2002,9.07
31/01/2002,N/E
7/2/2002,N/E
14/02/2002,N/E
21/02/2002,9.11
28/02/2002,N/E
7/3/2002,N/E
14/03/2002,N/E
20/03/2002,8
27/03/2002,N/E
4/4/2002,N/E
11/4/2002,N/E
18/04/2002,7.34
25/04/2002,N/E
2/5/2002,N/E
9/5/2002,N/E
16/05/2002,7.71
23/05/2002,N/E
30/05/2002,N/E
6/6/2002,N/E
13/06/2002,8.12
20/06/2002,N/E
27/06/2002,N/E
4/7/2002,N/E
11/7/2002,8.76
18/07/2002,N/E
25/07/2002,N/E
1/8/2002,N/E
8/8/2002,8.56
15/08/2002,N/E
22/08/2002,N/E
29/08/2002,N/E
5/9/2002,8.48
12/9/2002,N/E
19/09/2002,N/E
26/09/2002,N/E
3/10/2002,9.52
10/10/2002,N/E
17/10/2002,N/E
24/10/2002,N/E
31/10/2002,9.78
7/11/2002,N/E
14/11/2002,N/E
21/11/2002,N/E
28/11/2002,9.17
5/12/2002,N/E
11/12/2002,N/E
19/12/2002,N/E
26/12/2002,8.38
2/1/2003,N/E
9/1/2003,N/E
16/01/2003,N/E
23/01/2003,9.84
30/01/2003,N/E
6/2/2003,N/E
13/02/2003,N/E
20/02/2003,9.16
27/02/2003,N/E
6/3/2003,N/E
13/03/2003,N/E
20/03/2003,9.12
27/03/2003,N/E
3/4/2003,N/E
10/4/2003,N/E
16/04/2003,8.3
24/04/2003,N/E
30/04/2003,N/E
8/5/2003,N/E
15/05/2003,6.6
22/05/2003,N/E
29/05/2003,N/E
5/6/2003,N/E
12/6/2003,6.49
19/06/2003,N/E
26/06/2003,N/E
3/7/2003,N/E
10/7/2003,6.59
17/07/2003,N/E
24/07/2003,N/E
31/07/2003,N/E
7/8/2003,6.61
14/08/2003,N/E
21/08/2003,N/E
28/08/2003,N/E
4/9/2003,6.31
11/9/2003,N/E
18/09/2003,N/E
25/09/2003,N/E
2/10/2003,5.94
9/10/2003,N/E
16/10/2003,N/E
23/10/2003,N/E
30/10/2003,5.89
6/11/2003,N/E
13/11/2003,N/E
19/11/2003,N/E
27/11/2003,6.42
4/12/2003,N/E
11/12/2003,N/E
18/12/2003,N/E
24/12/2003,6.95
31/12/2003,N/E
8/1/2004,N/E
15/01/2004,N/E
22/01/2004,5.75
29/01/2004,N/E
4/2/2004,N/E
12/2/2004,N/E
19/02/2004,6.26
26/02/2004,N/E
4/3/2004,N/E
11/3/2004,N/E
18/03/2004,6.66
25/03/2004,N/E
1/4/2004,N/E
7/4/2004,N/E
15/04/2004,6.18
22/04/2004,N/E
29/04/2004,N/E
6/5/2004,N/E
13/05/2004,8.06
20/05/2004,N/E
27/05/2004,N/E
3/6/2004,N/E
10/6/2004,8.23
17/06/2004,N/E
24/06/2004,N/E
1/7/2004,N/E
8/7/2004,8.22
15/07/2004,N/E
22/07/2004,N/E
29/07/2004,N/E
5/8/2004,8.55
12/8/2004,N/E
19/08/2004,N/E
26/08/2004,N/E
2/9/2004,8.49
9/9/2004,N/E
15/09/2004,N/E
23/09/2004,N/E
30/09/2004,8.61
7/10/2004,N/E
14/10/2004,N/E
21/10/2004,N/E
28/10/2004,8.67
4/11/2004,N/E
11/11/2004,N/E
18/11/2004,N/E
25/11/2004,9.08
2/12/2004,N/E
9/12/2004,N/E
16/12/2004,N/E
23/12/2004,8.58
30/12/2004,N/E
6/1/2005,N/E
13/01/2005,N/E
20/01/2005,8.61
27/01/2005,N/E
3/2/2005,N/E
10/2/2005,N/E
17/02/2005,9.21
24/02/2005,N/E
3/3/2005,N/E
10/3/2005,N/E
17/03/2005,9.88
23/03/2005,N/E
31/03/2005,N/E
7/4/2005,N/E
14/04/2005,10.26
21/04/2005,N/E
28/04/2005,N/E
5/5/2005,N/E
12/5/2005,10.18
19/05/2005,N/E
26/05/2005,N/E
2/6/2005,N/E
9/6/2005,9.67
16/06/2005,N/E
23/06/2005,N/E
30/06/2005,N/E
7/7/2005,9.59
14/07/2005,N/E
21/07/2005,N/E
28/07/2005,N/E
4/8/2005,9.6
11/8/2005,N/E
18/08/2005,N/E
25/08/2005,N/E
1/9/2005,9.19
8/9/2005,N/E
15/09/2005,N/E
22/09/2005,N/E
29/09/2005,8.67
6/10/2005,N/E
13/10/2005,N/E
20/10/2005,N/E
27/10/2005,8.81
3/11/2005,N/E
10/11/2005,N/E
17/11/2005,N/E
24/11/2005,8.52
1/12/2005,N/E
8/12/2005,N/E
15/12/2005,N/E
22/12/2005,7.92
29/12/2005,N/E
5/1/2006,N/E
12/1/2006,N/E
19/01/2006,7.68
26/01/2006,N/E
2/2/2006,N/E
9/2/2006,N/E
16/02/2006,7.52
23/02/2006,N/E
2/3/2006,N/E
9/3/2006,N/E
16/03/2006,7.55
23/03/2006,N/E
30/03/2006,N/E
6/4/2006,N/E
12/4/2006,7.71
20/04/2006,N/E
27/04/2006,N/E
4/5/2006,N/E
11/5/2006,7.42
18/05/2006,N/E
25/05/2006,N/E
1/6/2006,N/E
8/6/2006,7.56
15/06/2006,N/E
22/06/2006,N/E
29/06/2006,N/E
6/7/2006,7.49
13/07/2006,N/E
20/07/2006,N/E
27/07/2006,N/E
3/8/2006,7.54
10/8/2006,N/E
17/08/2006,N/E
24/08/2006,N/E
31/08/2006,7.4
7/9/2006,N/E
14/09/2006,N/E
21/09/2006,N/E
28/09/2006,7.53
5/10/2006,N/E
12/10/2006,N/E
19/10/2006,N/E
24/10/2006,N/E
26/10/2006,7.48
1/11/2006,N/E
9/11/2006,N/E
16/11/2006,N/E
23/11/2006,7.28
30/11/2006,N/E
7/12/2006,N/E
14/12/2006,N/E
21/12/2006,7.25
28/12/2006,N/E
4/1/2007,N/E
11/1/2007,N/E
18/01/2007,7.46
25/01/2007,N/E
1/2/2007,N/E
8/2/2007,N/E
15/02/2007,7.36
22/02/2007,N/E
1/3/2007,N/E
8/3/2007,N/E
15/03/2007,7.52
22/03/2007,N/E
29/03/2007,N/E
4/4/2007,N/E
12/4/2007,7.36
19/04/2007,N/E
26/04/2007,N/E
3/5/2007,N/E
10/5/2007,7.6
17/05/2007,N/E
24/05/2007,N/E
31/05/2007,N/E
7/6/2007,7.56
14/06/2007,N/E
21/06/2007,N/E
28/06/2007,N/E
5/7/2007,7.51
12/7/2007,N/E
19/07/2007,N/E
26/07/2007,N/E
2/8/2007,7.59
9/8/2007,N/E
16/08/2007,N/E
23/08/2007,N/E
30/08/2007,7.64
6/9/2007,N/E
13/09/2007,N/E
20/09/2007,N/E
27/09/2007,7.68
4/10/2007,N/E
11/10/2007,N/E
18/10/2007,N/E
25/10/2007,7.65
1/11/2007,N/E
8/11/2007,N/E
15/11/2007,N/E
22/11/2007,7.86
29/11/2007,N/E
6/12/2007,N/E
13/12/2007,N/E
20/12/2007,7.85
27/12/2007,N/E
3/1/2008,N/E
10/1/2008,N/E
17/01/2008,7.8
24/01/2008,N/E
31/01/2008,N/E
7/2/2008,N/E
14/02/2008,7.43
21/02/2008,N/E
28/02/2008,N/E
6/3/2008,N/E
13/03/2008,7.48
19/03/2008,N/E
27/03/2008,N/E
3/4/2008,N/E
10/4/2008,7.6
17/04/2008,N/E
24/04/2008,N/E
30/04/2008,N/E
8/5/2008,7.83
15/05/2008,N/E
22/05/2008,N/E
29/05/2008,N/E
5/6/2008,7.89
12/6/2008,N/E
19/06/2008,N/E
26/06/2008,N/E
3/7/2008,8.55
10/7/2008,N/E
17/07/2008,N/E
24/07/2008,N/E
31/07/2008,8.72
7/8/2008,N/E
14/08/2008,N/E
21/08/2008,N/E
28/08/2008,8.69
4/9/2008,N/E
11/9/2008,N/E
18/09/2008,N/E
25/09/2008,8.66
2/10/2008,N/E
9/10/2008,N/E
16/10/2008,N/E
23/10/2008,8.34
30/10/2008,N/E
6/11/2008,N/E
13/11/2008,N/E
20/11/2008,8.51
27/11/2008,N/E
4/12/2008,N/E
11/12/2008,N/E
18/12/2008,8.05
24/12/2008,N/E
31/12/2008,N/E
8/1/2009,N/E
15/01/2009,7.24
22/01/2009,N/E
29/01/2009,N/E
5/2/2009,N/E
12/2/2009,7.14
19/02/2009,N/E
26/02/2009,N/E
5/3/2009,N/E
12/3/2009,7.48
19/03/2009,N/E
26/03/2009,N/E
2/4/2009,N/E
8/4/2009,6.12
16/04/2009,N/E
23/04/2009,N/E
30/04/2009,N/E
7/5/2009,5.41
14/05/2009,N/E
21/05/2009,N/E
28/05/2009,N/E
4/6/2009,5.19
11/6/2009,N/E
18/06/2009,N/E
25/06/2009,N/E
2/7/2009,5.17
9/7/2009,N/E
16/07/2009,N/E
23/07/2009,N/E
30/07/2009,5.06
6/8/2009,N/E
13/08/2009,N/E
20/08/2009,N/E
27/08/2009,5.13
3/9/2009,N/E
10/9/2009,N/E
17/09/2009,N/E
24/09/2009,5.35
1/10/2009,N/E
8/10/2009,N/E
15/10/2009,N/E
22/10/2009,5.39
29/10/2009,N/E
5/11/2009,N/E
12/11/2009,N/E
19/11/2009,5.22
26/11/2009,N/E
3/12/2009,N/E
10/12/2009,N/E
17/12/2009,5.07
24/12/2009,N/E
31/12/2009,N/E
7/1/2010,N/E
14/01/2010,4.98
21/01/2010,N/E
28/01/2010,N/E
4/2/2010,N/E
11/2/2010,5
18/02/2010,N/E
25/02/2010,N/E
4/3/2010,N/E
11/3/2010,5.07
18/03/2010,N/E
25/03/2010,N/E
31/03/2010,N/E
8/4/2010,5.09
15/04/2010,N/E
22/04/2010,N/E
29/04/2010,N/E
6/5/2010,4.95
13/05/2010,N/E
20/05/2010,N/E
27/05/2010,N/E
3/6/2010,4.86
10/6/2010,N/E
17/06/2010,N/E
24/06/2010,N/E
1/7/2010,4.77
8/7/2010,N/E
15/07/2010,N/E
22/07/2010,N/E
29/07/2010,4.81
5/8/2010,N/E
12/8/2010,N/E
19/08/2010,N/E
26/08/2010,4.77
2/9/2010,N/E
9/9/2010,N/E
15/09/2010,N/E
23/09/2010,4.74
30/09/2010,N/E
7/10/2010,N/E
14/10/2010,N/E
21/10/2010,4.65
28/10/2010,N/E
4/11/2010,N/E
11/11/2010,N/E
18/11/2010,4.52
25/11/2010,N/E
2/12/2010,N/E
9/12/2010,N/E
16/12/2010,4.85
23/12/2010,N/E
30/12/2010,N/E
6/1/2011,N/E
13/01/2011,4.76
20/01/2011,N/E
27/01/2011,N/E
3/2/2011,N/E
10/2/2011,4.81
17/02/2011,N/E
24/02/2011,N/E
3/3/2011,N/E
10/3/2011,4.75
17/03/2011,N/E
24/03/2011,N/E
31/03/2011,N/E
7/4/2011,4.92
14/04/2011,N/E
20/04/2011,N/E
28/04/2011,N/E
5/5/2011,4.84
12/5/2011,N/E
19/05/2011,N/E
26/05/2011,N/E
2/6/2011,4.69
9/6/2011,N/E
16/06/2011,N/E
23/06/2011,N/E
30/06/2011,4.75
7/7/2011,N/E
14/07/2011,N/E
21/07/2011,N/E
28/07/2011,4.64
4/8/2011,N/E
11/8/2011,N/E
18/08/2011,N/E
25/08/2011,4.52
1/9/2011,N/E
8/9/2011,N/E
15/09/2011,N/E
22/09/2011,4.45
29/09/2011,N/E
6/10/2011,N/E
13/10/2011,N/E
20/10/2011,4.4
27/10/2011,N/E
3/11/2011,N/E
10/11/2011,N/E
17/11/2011,4.46
24/11/2011,N/E
1/12/2011,N/E
8/12/2011,N/E
15/12/2011,4.57
22/12/2011,N/E
29/12/2011,N/E
5/1/2012,N/E
12/1/2012,4.7
19/01/2012,N/E
26/01/2012,N/E
2/2/2012,N/E
9/2/2012,4.6
16/02/2012,N/E
23/02/2012,N/E
1/3/2012,N/E
8/3/2012,4.63
15/03/2012,N/E
22/03/2012,N/E
29/03/2012,N/E
4/4/2012,4.57
12/4/2012,N/E
19/04/2012,N/E
26/04/2012,N/E
3/5/2012,4.6
10/5/2012,N/E
17/05/2012,N/E
24/05/2012,N/E
31/05/2012,4.59
7/6/2012,N/E
14/06/2012,N/E
21/06/2012,N/E
28/06/2012,4.6
5/7/2012,N/E
12/7/2012,N/E
19/07/2012,N/E
26/07/2012,4.58
2/8/2012,N/E
9/8/2012,N/E
16/08/2012,N/E
23/08/2012,4.58
30/08/2012,N/E
6/9/2012,N/E
13/09/2012,N/E
20/09/2012,4.59
27/09/2012,N/E
4/10/2012,N/E
11/10/2012,N/E
18/10/2012,4.63
25/10/2012,N/E
1/11/2012,N/E
8/11/2012,N/E
15/11/2012,4.76
22/11/2012,N/E
29/11/2012,N/E
6/12/2012,N/E
13/12/2012,4.61
20/12/2012,N/E
27/12/2012,N/E
3/1/2013,N/E
10/1/2013,4.59
17/01/2013,N/E
24/01/2013,N/E
31/01/2013,N/E
7/2/2013,4.31
14/02/2013,N/E
21/02/2013,N/E
28/02/2013,N/E
7/3/2013,4.22
14/03/2013,N/E
21/03/2013,N/E
27/03/2013,N/E
4/4/2013,4.1
11/4/2013,N/E
18/04/2013,N/E
25/04/2013,N/E
2/5/2013,3.95
9/5/2013,N/E
16/05/2013,N/E
23/05/2013,N/E
30/05/2013,4.01
6/6/2013,N/E
13/06/2013,N/E
20/06/2013,N/E
27/06/2013,4.08
4/7/2013,N/E
11/7/2013,N/E
18/07/2013,N/E
25/07/2013,4
1/8/2013,N/E
8/8/2013,N/E
15/08/2013,N/E
22/08/2013,4
29/08/2013,N/E
5/9/2013,N/E
12/9/2013,N/E
19/09/2013,3.7
26/09/2013,N/E
3/10/2013,N/E
10/10/2013,N/E
17/10/2013,3.53
24/10/2013,N/E
31/10/2013,N/E
7/11/2013,N/E
14/11/2013,3.6
21/11/2013,N/E
28/11/2013,N/E
5/12/2013,N/E
11/12/2013,3.64
19/12/2013,N/E
26/12/2013,N/E
2/1/2014,N/E
9/1/2014,3.65
16/01/2014,N/E
23/01/2014,N/E
30/01/2014,N/E
6/2/2014,3.78
13/02/2014,N/E
20/02/2014,N/E
27/02/2014,N/E
6/3/2014,3.67
13/03/2014,N/E
20/03/2014,N/E
27/03/2014,N/E
3/4/2014,3.67
10/4/2014,N/E
16/04/2014,N/E
24/04/2014,N/E
30/04/2014,3.64
8/5/2014,N/E
15/05/2014,N/E
22/05/2014,N/E
29/05/2014,3.61
5/6/2014,N/E
12/6/2014,N/E
19/06/2014,N/E
26/06/2014,3.1
3/7/2014,N/E
10/7/2014,N/E
17/07/2014,N/E
24/07/2014,3.03
31/07/2014,N/E
7/8/2014,N/E
14/08/2014,N/E
21/08/2014,3.01
28/08/2014,N/E
4/9/2014,N/E
11/9/2014,N/E
18/09/2014,3.09
25/09/2014,N/E
2/10/2014,N/E
9/10/2014,N/E
16/10/2014,3.17
23/10/2014,N/E
30/10/2014,N/E
6/11/2014,N/E
13/11/2014,3.17
20/11/2014,N/E
27/11/2014,N/E
4/12/2014,N/E
11/12/2014,3.22
18/12/2014,N/E
24/12/2014,N/E
31/12/2014,N/E
8/1/2015,3.23
15/01/2015,N/E
22/01/2015,N/E
29/01/2015,N/E
5/2/2015,3.21
12/2/2015,N/E
19/02/2015,N/E
26/02/2015,N/E
5/3/2015,3.53
12/3/2015,N/E
19/03/2015,N/E
26/03/2015,N/E
1/4/2015,3.62
9/4/2015,N/E
16/04/2015,N/E
23/04/2015,N/E
30/04/2015,3.37
7/5/2015,N/E
14/05/2015,N/E
21/05/2015,N/E
28/05/2015,3.5
4/6/2015,N/E
11/6/2015,N/E
18/06/2015,N/E
25/06/2015,3.54
2/7/2015,N/E
9/7/2015,N/E
16/07/2015,N/E
23/07/2015,3.62
30/07/2015,N/E
6/8/2015,N/E
13/08/2015,N/E
20/08/2015,3.7
27/08/2015,N/E
3/9/2015,N/E
10/9/2015,N/E
17/09/2015,3.71
24/09/2015,N/E
1/10/2015,N/E
8/10/2015,N/E
15/10/2015,3.53
22/10/2015,N/E
29/10/2015,N/E
5/11/2015,N/E
12/11/2015,3.69
19/11/2015,N/E
26/11/2015,N/E
3/12/2015,N/E
10/12/2015,3.68
17/12/2015,N/E
24/12/2015,N/E
31/12/2015,N/E
7/1/2016,3.58
14/01/2016,N/E
21/01/2016,N/E
28/01/2016,N/E
4/2/2016,3.53
11/2/2016,N/E
18/02/2016,N/E
25/02/2016,N/E
3/3/2016,4.11
10/3/2016,N/E
17/03/2016,N/E
23/03/2016,N/E
31/03/2016,4.11
7/4/2016,N/E
14/04/2016,N/E
21/04/2016,N/E
28/04/2016,4.03
5/5/2016,N/E
12/5/2016,N/E
19/05/2016,N/E
26/05/2016,4.47
2/6/2016,N/E
9/6/2016,N/E
16/06/2016,N/E
23/06/2016,4.46
30/06/2016,N/E
7/7/2016,N/E
14/07/2016,N/E
21/07/2016,4.79
28/07/2016,N/E
4/8/2016,N/E
11/8/2016,N/E
18/08/2016,4.75
25/08/2016,N/E
1/9/2016,N/E
8/9/2016,N/E
15/09/2016,4.87
22/09/2016,N/E
29/09/2016,N/E
6/10/2016,N/E
13/10/2016,5.22
20/10/2016,N/E
27/10/2016,N/E
3/11/2016,N/E
10/11/2016,5.31
17/11/2016,N/E
24/11/2016,N/E
1/12/2016,N/E
8/12/2016,6.2
15/12/2016,N/E
22/12/2016,N/E
29/12/2016,N/E
5/1/2017,6.68
12/1/2017,N/E
19/01/2017,N/E
26/01/2017,N/E
2/2/2017,6.92
9/2/2017,N/E
16/02/2017,N/E
23/02/2017,N/E
2/3/2017,6.92
9/3/2017,N/E
16/03/2017,N/E
23/03/2017,N/E
30/03/2017,6.9
6/4/2017,N/E
12/4/2017,N/E
20/04/2017,N/E
27/04/2017,6.99
4/5/2017,N/E
11/5/2017,N/E
18/05/2017,N/E
25/05/2017,7.23
1/6/2017,N/E
8/6/2017,N/E
15/06/2017,N/E
22/06/2017,7.2
29/06/2017,N/E
6/7/2017,N/E
13/07/2017,N/E
20/07/2017,7.23
27/07/2017,N/E
3/8/2017,N/E
10/8/2017,N/E
17/08/2017,7.22
24/08/2017,N/E
31/08/2017,N/E
7/9/2017,N/E
14/09/2017,7.18
21/09/2017,N/E
28/09/2017,N/E
5/10/2017,N/E
12/10/2017,7.18
19/10/2017,N/E
26/10/2017,N/E
1/11/2017,N/E
9/11/2017,7.27
16/11/2017,N/E
23/11/2017,N/E
30/11/2017,N/E
7/12/2017,7.33
14/12/2017,N/E
21/12/2017,N/E
28/12/2017,N/E
4/1/2018,7.78
11/1/2018,N/E
18/01/2018,N/E
25/01/2018,N/E
1/2/2018,7.7
8/2/2018,N/E
15/02/2018,N/E
22/02/2018,N/E
1/3/2018,7.85
8/3/2018,N/E
15/03/2018,N/E
22/03/2018,N/E
28/03/2018,7.8
5/4/2018,N/E
12/4/2018,N/E
19/04/2018,N/E
26/04/2018,7.71
3/5/2018,N/E
10/5/2018,N/E
17/05/2018,N/E
24/05/2018,7.94
31/05/2018,N/E
7/6/2018,N/E
14/06/2018,N/E
21/06/2018,8.1
28/06/2018,N/E
5/7/2018,N/E
12/7/2018,N/E
19/07/2018,8.19
26/07/2018,N/E
2/8/2018,N/E
9/8/2018,N/E
16/08/2018,8.15
23/08/2018,N/E
30/08/2018,N/E
6/9/2018,N/E
13/09/2018,8.26
20/09/2018,N/E
27/09/2018,N/E
4/10/2018,N/E
11/10/2018,8.2
18/10/2018,N/E
25/10/2018,N/E
1/11/2018,N/E
8/11/2018,8.49
15/11/2018,N/E
22/11/2018,N/E
29/11/2018,N/E
6/12/2018,8.67
13/12/2018,N/E
20/12/2018,N/E
27/12/2018,N/E
3/1/2019,N/E
10/1/2019,8.62
17/01/2019,N/E
24/01/2019,N/E
31/01/2019,8.42
7/2/2019,N/E
14/02/2019,N/E
21/02/2019,N/E
28/02/2019,8.2
7/3/2019,N/E
14/03/2019,N/E
21/03/2019,N/E
28/03/2019,8.05
4/4/2019,N/E
11/4/2019,N/E
17/04/2019,N/E
25/04/2019,8.15
2/5/2019,N/E
9/5/2019,N/E
16/05/2019,N/E
23/05/2019,8.28
30/05/2019,N/E
6/6/2019,N/E
13/06/2019,N/E
20/06/2019,8.16
27/06/2019,N/E
4/7/2019,N/E
11/7/2019,N/E
18/07/2019,8.04
25/07/2019,N/E
1/8/2019,N/E
8/8/2019,N/E
15/08/2019,7.78
22/08/2019,N/E
29/08/2019,N/E
5/9/2019,N/E
12/9/2019,7.39
19/09/2019,N/E
26/09/2019,N/E
3/10/2019,N/E
10/10/2019,7.18
17/10/2019,N/E
24/10/2019,N/E
31/10/2019,N/E
7/11/2019,7.12
14/11/2019,N/E
21/11/2019,N/E
28/11/2019,N/E
5/12/2019,7.18
11/12/2019,N/E
19/12/2019,N/E
26/12/2019,N/E
2/1/2020,7.18
9/1/2020,N/E
16/01/2020,N/E
23/01/2020,N/E
30/01/2020,6.97
6/2/2020,N/E
13/02/2020,N/E
20/02/2020,N/E
27/02/2020,6.66
5/3/2020,N/E
12/3/2020,N/E
19/03/2020,N/E
26/03/2020,6.61
2/4/2020,N/E
8/4/2020,N/E
16/04/2020,N/E
23/04/2020,5.79
30/04/2020,N/E
7/5/2020,N/E
14/05/2020,N/E
21/05/2020,5.03
28/05/2020,N/E
4/6/2020,N/E
11/6/2020,N/E
18/06/2020,4.9
25/06/2020,N/E
2/7/2020,4.69
9/7/2020,4.62
16/07/2020,4.61
23/07/2020,4.6
30/07/2020,4.54
6/8/2020,4.5
13/08/2020,4.44
20/08/2020,4.49
27/08/2020,4.48
3/9/2020,4.46
10/9/2020,4.5
17/09/2020,4.46
24/09/2020,4.36
1/10/2020,4.36
8/10/2020,4.37
15/10/2020,4.38
22/10/2020,4.35
29/10/2020,4.39
5/11/2020,4.35
12/11/2020,4.28
19/11/2020,4.5
26/11/2020,4.31
3/12/2020,4.42
10/12/2020,4.36
17/12/2020,4.33
24/12/2020,4.21
31/12/2020,4.29
7/1/2021,4.23
14/01/2021,4.2
21/01/2021,4.2
28/01/2021,4.22
4/2/2021,4.25
11/2/2021,4.21
18/02/2021,4.04
25/02/2021,4.08
4/3/2021,4.18
11/3/2021,4.28
18/03/2021,4.44
25/03/2021,4.45
31/03/2021,4.7
8/4/2021,4.65
15/04/2021,4.59
22/04/2021,4.63
29/04/2021,4.68
6/5/2021,4.75
13/05/2021,4.67
20/05/2021,4.82
27/05/2021,4.87
3/6/2021,4.78
10/6/2021,4.75
17/06/2021,4.67
24/06/2021,5
1/7/2021,5.48
8/7/2021,5.35
15/07/2021,5.5
22/07/2021,5.43
29/07/2021,5.54
5/8/2021,5.48
12/8/2021,5.52
19/08/2021,5.46
26/08/2021,5.4
2/9/2021,5.35
9/9/2021,5.5
15/09/2021,5.45
23/09/2021,5.5
30/09/2021,5.75
7/10/2021,6.09
14/10/2021,6.09
21/10/2021,6.34
28/10/2021,6.37
4/11/2021,6.5
11/11/2021,6.54
16/11/2021,N/E
18/11/2021,6.27
25/11/2021,6.59
2/12/2021,6.56
9/12/2021,6.48
16/12/2021,6.5
23/12/2021,6.9
30/12/2021,6.95
6/1/2022,7.03
13/01/2022,7.03
20/01/2022,6.95
27/01/2022,6.92
3/2/2022,6.96
10/2/2022,7
17/02/2022,7.37
24/02/2022,7.32
3/3/2022,7.45
10/3/2022,8.05
17/03/2022,8.1
24/03/2022,8.3
31/03/2022,8.29
7/4/2022,8.4
13/04/2022,8.52
21/04/2022,8.51
28/04/2022,8.79
5/5/2022,8.91
12/5/2022,8.71
19/05/2022,8.86
26/05/2022,8.87
2/6/2022,9.07
9/6/2022,9.29
16/06/2022,9.55
23/06/2022,9.59
30/06/2022,9.73
7/7/2022,9.69
14/07/2022,9.68
21/07/2022,9.82
28/07/2022,9.66
4/8/2022,9.41
11/8/2022,9.53
18/08/2022,9.66
25/08/2022,9.79
1/9/2022,9.98
8/9/2022,10.02
15/09/2022,10.1
22/09/2022,10.34
29/09/2022,10.93
6/10/2022,10.64
13/10/2022,N/E
20/10/2022,10.88
27/10/2022,N/E
3/11/2022,10.87
10/11/2022,N/E
17/11/2022,10.78
24/11/2022,N/E
1/12/2022,10.84
8/12/2022,N/E
15/12/2022,10.72
22/12/2022,N/E
29/12/2022,11
5/1/2023,N/E
12/1/2023,11.06
19/01/2023,N/E
26/01/2023,11.1
2/2/2023,N/E
9/2/2023,11.21
16/02/2023,N/E
23/02/2023,12.09
2/3/2023,N/E
9/3/2023,12.07
16/03/2023,N/E
23/03/2023,11.66
30/03/2023,N/E
5/4/2023,11.74
13/04/2023,N/E
20/04/2023,11.77
27/04/2023,N/E
4/5/2023,11.57
11/5/2023,N/E
18/05/2023,11.5
25/05/2023,N/E
1/6/2023,11.45
8/6/2023,N/E
15/06/2023,11.31
22/06/2023,N/E
29/06/2023,11.12
6/7/2023,N/E
13/07/2023,11.4
20/07/2023,N/E
27/07/2023,11.3
3/8/2023,N/E
10/8/2023,11.45
17/08/2023,N/E
24/08/2023,11.48
31/08/2023,N/E
7/9/2023,11.57
14/09/2023,N/E
21/09/2023,11.66
28/09/2023,N/E
5/10/2023,11.73
12/10/2023,N/E
19/10/2023,11.75
26/10/2023,N/E
1/11/2023,11.87
9/11/2023,N/E
16/11/2023,11.32
23/11/2023,N/E
30/11/2023,11.32
7/12/2023,N/E
14/12/2023,11.23
21/12/2023,N/E
28/12/2023,11.12
4/1/2024,N/E
11/1/2024,11.19
18/01/2024,N/E
25/01/2024,11.21
1/2/2024,N/E
8/2/2024,11.24
15/02/2024,N/E
22/02/2024,11.22
29/02/2024,N/E
7/3/2024,11.14
14/03/2024,N/E
21/03/2024,11.1
27/03/2024,N/E
4/4/2024,11.03
11/4/2024,N/E
18/04/2024,11.38
25/04/2024,N/E
2/5/2024,11.51
9/5/2024,N/E
16/05/2024,11.33
23/05/2024,N/E
30/05/2024,11.34
6/6/2024,N/E
13/06/2024,11.4
20/06/2024,N/E
27/06/2024,11.35
4/7/2024,N/E
11/7/2024,11.41
18/07/2024,N/E
25/07/2024,11.37
1/8/2024,N/E
8/8/2024,11.08
15/08/2024,N/E
22/08/2024,10.75
29/08/2024,N/E
5/9/2024,10.7
12/9/2024,N/E
19/09/2024,10.38
26/09/2024,N/E
3/10/2024,10.14
10/10/2024,N/E
17/10/2024,10.25
24/10/2024,N/E
31/10/2024,10.62
7/11/2024,N/E
14/11/2024,10.49
21/11/2024,N/E
28/11/2024,10.2
5/12/2024,N/E
11/12/2024,9.86
19/12/2024,N/E
26/12/2024,10.06
2/1/2025,N/E
9/1/2025,9.99
16/01/2025,N/E
23/01/2025,9.78
30/01/2025,N/E
6/2/2025,9.52
13/02/2025,N/E
20/02/2025,9.31
27/02/2025,N/E
6/3/2025,9.11
13/03/2025,N/E
20/03/2025,8.99
27/03/2025,N/E
3/4/2025,8.68
10/4/2025,N/E
16/04/2025,8.57
24/04/2025,N/E
30/04/2025,8.49
8/5/2025,N/E
15/05/2025,8.37
22/05/2025,N/E
29/05/2025,8.33
5/6/2025,N/E
12/6/2025,8.31
19/06/2025,N/E
26/06/2025,8.27
3/7/2025,N/E
10/7/2025,8.33
17/07/2025,N/E
24/07/2025,8.23
31/07/2025,N/E
7/8/2025,8.04
14/08/2025,N/E
21/08/2025,7.91
28/08/2025,N/E
4/9/2025,7.83
11/9/2025,N/E
18/09/2025,7.7
25/09/2025,N/E
2/10/2025,7.63
9/10/2025,N/E
16/10/2025,7.51
23/10/2025,N/E
30/10/2025,7.37
6/11/2025,N/E
13/11/2025,7.51
20/11/2025,N/E
27/11/2025,7.63
4/12/2025,N/E
11/12/2025,7.65
18/12/2025,N/E
24/12/2025,7.55
31/12/2025,N/E
8/1/2026,7.44
15/01/2026,N/E
22/01/2026,7.5
29/01/2026,N/E
5/2/2026,7.37
